n4ZxEznNaIY	videos	How Anthropic uses Claude in GTM Engineering	https://www.youtube.com/watch?v=n4ZxEznNaIY
rjSvJYrVY2k	videos	The Problem Solvers | Anton Osika at Lovable	https://www.youtube.com/watch?v=rjSvJYrVY2k
8N1-XHNupfg	videos	Team thinking, visualized by Claude	https://www.youtube.com/watch?v=8N1-XHNupfg
bjrmYsFae_g	videos	The Problem Solvers | Max Junestrand at Legora	https://www.youtube.com/watch?v=bjrmYsFae_g
CG7Rcl49C2w	videos	Before we ship a Claude model, these teams try to break it.	https://www.youtube.com/watch?v=CG7Rcl49C2w
5HVPeux24WU	videos	Embrace long-running tasks with Opus 4.8 and Claude Code	https://www.youtube.com/watch?v=5HVPeux24WU
kUQD5ZElyB4	videos	The Problem Solvers: Michele Catasta at Replit	https://www.youtube.com/watch?v=kUQD5ZElyB4
19HDQ9HppOA	videos	Ship your first Managed Agent	https://www.youtube.com/watch?v=19HDQ9HppOA
mWvtOHlZM-I	videos	Tool, skill, or subagent? Decomposing an agent that outgrew its prompt	https://www.youtube.com/watch?v=mWvtOHlZM-I
dxqX_6ciVQA	videos	Agent Battle: Mine the most diamonds in 45 minutes	https://www.youtube.com/watch?v=dxqX_6ciVQA
v9FTCvkV_a0	videos	Evals for taste: Hill-climbing a slide-generation agent	https://www.youtube.com/watch?v=v9FTCvkV_a0
geUv4CjPpxI	videos	Agents that remember	https://www.youtube.com/watch?v=geUv4CjPpxI
IlqJqcl8ONE	videos	How we Claude Code	https://www.youtube.com/watch?v=IlqJqcl8ONE
qOjleN2-50c	videos	Making agentic workflows trustworthy and verifiable with a custom DSL	https://www.youtube.com/watch?v=qOjleN2-50c
MyYe6C4NVu0	videos	The Problem Solvers: Kay Zhu at Genspark	https://www.youtube.com/watch?v=MyYe6C4NVu0
tUoO4ucrNc0	videos	Fighting financial crime with Claude Cowork	https://www.youtube.com/watch?v=tUoO4ucrNc0
T8N0MED3IJo	videos	Where code meets court: AI at the legal-technical frontier	https://www.youtube.com/watch?v=T8N0MED3IJo
M5uwBawBDpw	videos	How AirOps chases friction to build AI products with Claude	https://www.youtube.com/watch?v=M5uwBawBDpw
A3rmSUp6Dxg	videos	How Metaview built self-improving prompts for application review	https://www.youtube.com/watch?v=A3rmSUp6Dxg
uGroRwlC9y4	videos	Teaching agents to learn from your team	https://www.youtube.com/watch?v=uGroRwlC9y4
tuY2ChJIx48	videos	Beyond the basics with Claude Code	https://www.youtube.com/watch?v=tuY2ChJIx48
IA5LWIGqnyM	videos	Running an AI-native engineering org	https://www.youtube.com/watch?v=IA5LWIGqnyM
QIriO1-vHYw	videos	Getting more out of the Claude Platform	https://www.youtube.com/watch?v=QIriO1-vHYw
G2B0YWuJUgI	videos	The prompting playbook	https://www.youtube.com/watch?v=G2B0YWuJUgI
DNRddIEoH3c	videos	The capability curve	https://www.youtube.com/watch?v=DNRddIEoH3c
Uvl-tRga98g	videos	Designing with Claude: From prompt to production	https://www.youtube.com/watch?v=Uvl-tRga98g
K4-flzsPraE	videos	Building the best agentic analytics harness: Powered by Claude, built with Claude Code	https://www.youtube.com/watch?v=K4-flzsPraE
l8fxVYIP4HQ	videos	Building with Claude on Google Cloud	https://www.youtube.com/watch?v=l8fxVYIP4HQ
EOg4gY0Yln0	videos	Building signals that trade themselves	https://www.youtube.com/watch?v=EOg4gY0Yln0
P0uMXS6emHA	videos	Picking the right model	https://www.youtube.com/watch?v=P0uMXS6emHA
IGo225tfF2I	videos	Memory and dreaming for self learning agents	https://www.youtube.com/watch?v=IGo225tfF2I
nho1YAEPuwA	videos	What legal agents inherit from coding agents: Lessons from Legora	https://www.youtube.com/watch?v=nho1YAEPuwA
zenIB7XLZxQ	videos	How to get to production faster with Claude Managed Agents	https://www.youtube.com/watch?v=zenIB7XLZxQ
jWWsLe4Gh5Y	videos	Build a production-ready agent with Claude Managed Agents	https://www.youtube.com/watch?v=jWWsLe4Gh5Y
T7KqH7kYnE4	videos	The thinking lever	https://www.youtube.com/watch?v=T7KqH7kYnE4
mhW-XXnDFSU	videos	How Lovable vibecodes production software at scale	https://www.youtube.com/watch?v=mhW-XXnDFSU
XFaeIbL-lvE	videos	Building AI-native at enterprise scale: monday.com, Doctolib, and Delivery Hero	https://www.youtube.com/watch?v=XFaeIbL-lvE
VueeyKcquoA	videos	From one person to 80: Scaling a hypergrowth engineering org with Claude Code	https://www.youtube.com/watch?v=VueeyKcquoA
eSP7PLTXNy8	videos	Build a proactive agent workflow with Claude Code	https://www.youtube.com/watch?v=eSP7PLTXNy8
TQd_YQvydVg	videos	Build AI agents using Claude in Microsoft Foundry	https://www.youtube.com/watch?v=TQd_YQvydVg
zFslvuvYifQ	videos	Coding is no longer the constraint: Scaling devex to teams and agents at Spotify	https://www.youtube.com/watch?v=zFslvuvYifQ
5YHIrTYxM3w	videos	AI with Claude on AWS: From code to orchestration	https://www.youtube.com/watch?v=5YHIrTYxM3w
wI0ptqCSL0I	videos	Stop babysitting your agents	https://www.youtube.com/watch?v=wI0ptqCSL0I
sRvUXLquiRg	videos	What's new in Claude Code	https://www.youtube.com/watch?v=sRvUXLquiRg
6amLO7I9xdg	videos	Code with Claude London 2026: Opening Keynote	https://www.youtube.com/watch?v=6amLO7I9xdg
_kSAptN8TAY	videos	The Problem Solvers: Scott Wu at Cognition	https://www.youtube.com/watch?v=_kSAptN8TAY
EPUg9pmfPk0	videos	Claude Cowork for legal teams	https://www.youtube.com/watch?v=EPUg9pmfPk0
lsufr1i6ACY	videos	Claude Cowork for marketing ops	https://www.youtube.com/watch?v=lsufr1i6ACY
dDg7vhvtbEE	videos	Claude Cowork for sales	https://www.youtube.com/watch?v=dDg7vhvtbEE
eW3oTyfeWZ0	videos	Context Management in Claude Code	https://www.youtube.com/watch?v=eW3oTyfeWZ0
xJQuF02NAK8	videos	The Explore → Plan → Code → Commit workflow in Claude Code	https://www.youtube.com/watch?v=xJQuF02NAK8
gbetp6D7J_Q	videos	Your first Claude Code prompt	https://www.youtube.com/watch?v=gbetp6D7J_Q
0kILa02vKuI	videos	Installing Claude Code	https://www.youtube.com/watch?v=0kILa02vKuI
6bs5b4FltCU	videos	How Claude Code Works	https://www.youtube.com/watch?v=6bs5b4FltCU
IGAVa4uyo2w	videos	How Emergent is making app building more accessible with Claude	https://www.youtube.com/watch?v=IGAVa4uyo2w
FPPTnI88RR8	videos	How Anthropic uses Claude in Cybersecurity	https://www.youtube.com/watch?v=FPPTnI88RR8
7-1tNo8HAwk	videos	New agents for legal professionals | Claude Cowork	https://www.youtube.com/watch?v=7-1tNo8HAwk
-INveHwbRz4	videos	Introducing agent view in Claude Code	https://www.youtube.com/watch?v=-INveHwbRz4
O0FGCxkHM-U	videos	The CLAUDE.md file	https://www.youtube.com/watch?v=O0FGCxkHM-U
kkBFmwkDzdo	videos	MCP in Claude Code	https://www.youtube.com/watch?v=kkBFmwkDzdo
KLCuxMDZSDg	videos	The expanding toolkit	https://www.youtube.com/watch?v=KLCuxMDZSDg
BrpB-h1e--k	videos	Building with Claude Managed Agents and Asana AI teammates	https://www.youtube.com/watch?v=BrpB-h1e--k
igO8iyca2_g	videos	Running an AI-native engineering org	https://www.youtube.com/watch?v=igO8iyca2_g
OXJO4LldSnc	videos	The thinking lever	https://www.youtube.com/watch?v=OXJO4LldSnc
SqHsS737CeA	videos	Building with Claude on Google Cloud	https://www.youtube.com/watch?v=SqHsS737CeA
snroDwX1-JU	videos	Evaluating and improving Replit Agent at scale	https://www.youtube.com/watch?v=snroDwX1-JU
BbYSGxtsMic	videos	Giving coding agents their own computers: How Cursor built cloud agents	https://www.youtube.com/watch?v=BbYSGxtsMic
RtywqDFBYnQ	videos	Memory and dreaming for self-learning agents	https://www.youtube.com/watch?v=RtywqDFBYnQ
Lbml7IuGJYw	videos	Getting started with Claude Cowork	https://www.youtube.com/watch?v=Lbml7IuGJYw
F6dzjaBCBtU	videos	Collaborate with Claude across Microsoft365 apps	https://www.youtube.com/watch?v=F6dzjaBCBtU
IkaPHiMDazM	videos	Hooks in Claude Code	https://www.youtube.com/watch?v=IkaPHiMDazM
fl1DSmwQKKY	videos	What is Claude Code?	https://www.youtube.com/watch?v=fl1DSmwQKKY
foxeK2AXfHQ	videos	New agents for financial services | Claude Cowork + Claude Managed Agents	https://www.youtube.com/watch?v=foxeK2AXfHQ
0SgCiUfoYo8	videos	Find and fix security vulnerabilities with Claude	https://www.youtube.com/watch?v=0SgCiUfoYo8
Gen8rG40ntA	videos	Claude now connects to Autodesk Fusion	https://www.youtube.com/watch?v=Gen8rG40ntA
LZMWsZbZU5w	videos	Claude now connects to Blender	https://www.youtube.com/watch?v=LZMWsZbZU5w
RnOWJoHU_NY	videos	Why does bias exist in AI models?	https://www.youtube.com/watch?v=RnOWJoHU_NY
U9jGOz_Lcbo	videos	All your everyday apps, in one conversation	https://www.youtube.com/watch?v=U9jGOz_Lcbo
ma7oe_5h0ag	videos	How Anthropic uses Claude in Product Engineering	https://www.youtube.com/watch?v=ma7oe_5h0ag
t_LBECIQQqs	videos	Introducing Claude Design by Anthropic Labs	https://www.youtube.com/watch?v=t_LBECIQQqs
gRLMG5YNNTo	videos	Working smarter with Claude in PowerPoint	https://www.youtube.com/watch?v=gRLMG5YNNTo
TkSZqH0n7m0	videos	Refining a PowerPoint with Claude	https://www.youtube.com/watch?v=TkSZqH0n7m0
TxS-1invhzg	videos	Building a PowerPoint with Claude	https://www.youtube.com/watch?v=TxS-1invhzg
005JLRt3gXI	videos	Why do AI models hallucinate?	https://www.youtube.com/watch?v=005JLRt3gXI
rWaQSQEm_aY	videos	The new Claude Code desktop app, redesigned for parallel agents	https://www.youtube.com/watch?v=rWaQSQEm_aY
NLWiIj47IdI	videos	What is Claude Managed Agents?	https://www.youtube.com/watch?v=NLWiIj47IdI
-AkiUPvAqbU	videos	Cowork is now generally available	https://www.youtube.com/watch?v=-AkiUPvAqbU
I1BvAHOsjBU	videos	Introducing Claude Managed Agents	https://www.youtube.com/watch?v=I1BvAHOsjBU
45hPRdfDEsI	videos	How Notion built with Claude Managed Agents	https://www.youtube.com/watch?v=45hPRdfDEsI
91AJ0cpgLlQ	videos	How Anthropic uses Claude in Product Management	https://www.youtube.com/watch?v=91AJ0cpgLlQ
NAwvkrxompk	videos	Your apps come alive on Claude mobile	https://www.youtube.com/watch?v=NAwvkrxompk
NAauIR6JFps	videos	Put Claude to work on your computer, from anywhere	https://www.youtube.com/watch?v=NAauIR6JFps
UCD7Hnx_THQ	videos	Preview your running app in Claude Code on desktop	https://www.youtube.com/watch?v=UCD7Hnx_THQ
b-ntWZqHF78	videos	Scheduled Tasks in Cowork: Set it once, Claude handles the rest	https://www.youtube.com/watch?v=b-ntWZqHF78
Ko7_tC1fMMM	videos	Using Claude Code Remote Control	https://www.youtube.com/watch?v=Ko7_tC1fMMM
fVIV-L49eBs	videos	Dispatch tasks to Claude Cowork from anywhere	https://www.youtube.com/watch?v=fVIV-L49eBs
Ii99RU3mOJM	videos	Claude can now show you	https://www.youtube.com/watch?v=Ii99RU3mOJM
cIctgHKEeMA	videos	One conversation across Claude for Excel and PowerPoint	https://www.youtube.com/watch?v=cIctgHKEeMA
yB7xjOA05GM	videos	How Slack uses Claude for AI search and summaries	https://www.youtube.com/watch?v=yB7xjOA05GM
RKsADl0ZC3Y	videos	Introducing Code Review	https://www.youtube.com/watch?v=RKsADl0ZC3Y
bjdBVZa66oU	videos	What are skills?	https://www.youtube.com/watch?v=bjdBVZa66oU
v5IOHK5xFlc	videos	Cowork and Plugins: Helping enterprises move faster	https://www.youtube.com/watch?v=v5IOHK5xFlc
sZHGbRYQti4	videos	How Lyft uses Claude for faster, more human customer support	https://www.youtube.com/watch?v=sZHGbRYQti4
2fHVTe7c--4	videos	Our most capable Sonnet model yet	https://www.youtube.com/watch?v=2fHVTe7c--4
MWhSjFu_K7E	videos	The making of our Williams F1 film	https://www.youtube.com/watch?v=MWhSjFu_K7E
U9s9Kxb7p5I	videos	How HubSpot uses Claude for customer success	https://www.youtube.com/watch?v=U9s9Kxb7p5I
fVJGqzYkq3A	videos	How Figma Make uses Claude to turn prompts into prototypes	https://www.youtube.com/watch?v=fVJGqzYkq3A
orTd3grSYsQ	videos	Claude for everyday work	https://www.youtube.com/watch?v=orTd3grSYsQ
xpmag2Gvi0g	videos	The Atlassian Williams F1 team is now thinking with Claude	https://www.youtube.com/watch?v=xpmag2Gvi0g
sxfwDbi-_78	videos	A.A.Murakami's The Moon Underwater	https://www.youtube.com/watch?v=sxfwDbi-_78
54BdUqMQUMI	videos	Getting started with Claude in Excel	https://www.youtube.com/watch?v=54BdUqMQUMI
Jp83_JMK74o	videos	How Anthropic uses Claude in Marketing	https://www.youtube.com/watch?v=Jp83_JMK74o
zZlcNxSPMOA	shorts	The making of our Williams F1 film	https://www.youtube.com/shorts/zZlcNxSPMOA
4KBAE92he8E	shorts	The Atlassian Williams F1 team is now thinking with Claude	https://www.youtube.com/shorts/4KBAE92he8E
YmQ7jRgf4f0	streams	Claude FM 🎵 music for thinking and building	https://www.youtube.com/watch?v=YmQ7jRgf4f0
tP4MGcJ80Y0	streams	The capability curve	https://www.youtube.com/watch?v=tP4MGcJ80Y0
7oO37GRhwGk	streams	Getting more out of the Claude Platform	https://www.youtube.com/watch?v=7oO37GRhwGk
EdmuYPBt_EM	streams	How Datadog built a universal machine tool for Claude Code	https://www.youtube.com/watch?v=EdmuYPBt_EM
bJKdXhnw7NU	streams	Architecting for model step-changes: A fireside with Vercel's Guillermo Rauch	https://www.youtube.com/watch?v=bJKdXhnw7NU
OFDm3T7pVlc	streams	Building AI-native: Inside the stacks powering Cognition, Gamma, and Harvey	https://www.youtube.com/watch?v=OFDm3T7pVlc
DlTCu_pNDHE	streams	Live coding session with Boris Cherny and Jarred Sumner	https://www.youtube.com/watch?v=DlTCu_pNDHE
7xco5Qd2Oo8	streams	A conversation with Dario Amodei & Daniela Amodei	https://www.youtube.com/watch?v=7xco5Qd2Oo8
E9gaQHrw_rg	streams	How to get to production faster with Claude Managed Agents	https://www.youtube.com/watch?v=E9gaQHrw_rg
y5TmF_6o6xk	streams	Caching, harnesses, and advisors: Building on Claude at GitHub scale	https://www.youtube.com/watch?v=y5TmF_6o6xk
IMZa42k6L6M	streams	What's new in Claude Code	https://www.youtube.com/watch?v=IMZa42k6L6M
GMIWm5y90xA	streams	Code with Claude 2026: Opening Keynote	https://www.youtube.com/watch?v=GMIWm5y90xA
